{"stats":{"minecraft:used":{"minecraft:water_bucket":12,"minecraft:enchanting_table":1,"minecraft:cobblestone_stairs":3,"minecraft:bookshelf":33,"minecraft:command_block":6,"minecraft:flint_and_steel":11,"minecraft:snow_block":218,"minecraft:heavy_weighted_pressure_plate":1,"minecraft:carved_pumpkin":2,"minecraft:red_concrete":1417,"minecraft:redstone":22,"minecraft:ladder":5,"minecraft:bubble_coral_fan":1,"minecraft:spawner":8,"minecraft:chest":9,"minecraft:spruce_planks":177,"minecraft:stone":38,"minecraft:red_terracotta":1,"minecraft:redstone_block":38,"minecraft:stonecutter":1,"minecraft:oak_door":5,"minecraft:snow":202,"minecraft:sand":1,"minecraft:fire_charge":6,"minecraft:netherrack":51,"minecraft:snow_golem_spawn_egg":2,"minecraft:bedrock":60,"minecraft:magma_block":2,"minecraft:cobblestone":26,"minecraft:torch":8,"minecraft:repeater":13,"minecraft:red_stained_glass_pane":32,"minecraft:redstone_lamp":7,"minecraft:comparator":4,"minecraft:crafting_table":1,"minecraft:goat_horn":1,"minecraft:spruce_stairs":2,"minecraft:trapped_chest":3,"basemod:candy_sword":111,"minecraft:campfire":29,"minecraft:sponge":5,"minecraft:repeating_command_block":11,"minecraft:white_concrete":374,"minecraft:spruce_log":54,"minecraft:seagrass":1,"minecraft:soul_torch":5},"minecraft:picked_up":{"minecraft:stick":26,"minecraft:cooked_beef":8,"minecraft:oak_door":5,"minecraft:red_stained_glass_pane":1,"minecraft:powder_snow_bucket":1,"minecraft:spruce_sapling":28,"minecraft:warped_button":1,"minecraft:spruce_log":1,"minecraft:redstone":1,"minecraft:command_block":1,"minecraft:rotten_flesh":1,"minecraft:spruce_planks":2,"minecraft:carved_pumpkin":1,"minecraft:red_concrete":2,"minecraft:wooden_axe":2},"minecraft:custom":{"minecraft:time_since_rest":1764,"minecraft:sprint_one_cm":11928,"minecraft:walk_one_cm":413255,"minecraft:trigger_trapped_chest":3,"minecraft:mob_kills":184,"minecraft:drop":11,"minecraft:damage_dealt":6916,"minecraft:interact_with_crafting_table":1,"minecraft:fly_one_cm":873484,"minecraft:deaths":2,"minecraft:open_chest":25,"minecraft:crouch_one_cm":2920,"minecraft:play_time":817290,"minecraft:sneak_time":4804,"minecraft:walk_under_water_one_cm":3352,"minecraft:jump":897,"minecraft:interact_with_stonecutter":1,"minecraft:leave_game":4,"minecraft:walk_on_water_one_cm":1892,"minecraft:time_since_death":1737,"minecraft:climb_one_cm":3362,"minecraft:total_world_time":871099},"minecraft:dropped":{"minecraft:oak_door":1,"minecraft:red_concrete":2,"minecraft:spruce_planks":2,"minecraft:wooden_axe":2,"minecraft:spruce_log":1,"minecraft:command_block":1,"minecraft:red_stained_glass_pane":1,"minecraft:redstone":1},"minecraft:killed":{"basemod:elf":132,"minecraft:zombie":3,"minecraft:snow_golem":1}},"DataVersion":3465}